name,link
cVrxfV0w29w_0.txt,1_7Fvs3-WH4PVgupQaluxW1KSHF2iZez6
cVng1vleWNY_0.txt,1_65QT9JXSUIC-34d4tbE-010DIBcui9-
CVmBocpXeTc_0.txt,1_4aUvNnEGiaXD5eTRh5zV82jqZ1v_UoV
cUwPVOboe0k_0.txt,1_1d0GQeN78-psqw_1CGDXoUsmz_uPY6O
cUrf-ZwPzxI_0.txt,1_0veeA2Hh9as8lBJTW1ypkLBsrSDhzEV
cUrajeQPzpQ_0.txt,1_0J4aQkLrX2CZxsV_ZUlKMvDwa3lmtcO
CH3phgDW5Fc_0.txt,1VGGjQ16eKsLAzBdw5M83c5n_f19mgWSn
cH0sXpOxvy0_2.txt,1VEvhLxqez0-6SQnKwcbNoY_0wAvnggMI
cg_5uaJjLHk_0.txt,1V6Rsxtl_h0W86mvINx1G4DmavM-2yGMJ
cGwjfCPO-7k_0.txt,1V4pkUmUPDMhWYuI1tIb751jSV3RHGwz2
